{
  "camera_matrix": [
    [
      630.7349340293455,
      0.0,
      640.0120703393005
    ],
    [
      0.0,
      628.0690445539328,
      365.7641317092234
    ],
    [
      0.0,
      0.0,
      1.0
    ]
  ],
  "dist_coeffs": [
    [
      0.12989975037778737,
      -0.15451720820119358,
      0.0016493636755837713,
      -0.0019340607630236456,
      0.0986422432318249
    ]
  ],
  "calibration_results": {
    "Tsai": {
      "transformation_matrix": [
        [
          0.7933630147648068,
          -0.4721099570212578,
          0.38430107374906386,
          -0.6114933141642176
        ],
        [
          -0.5926868562714737,
          -0.45499097120810994,
          0.664609288621622,
          -0.35955553205155033
        ],
        [
          -0.13891514390567672,
          -0.7550466241236279,
          -0.6407863748498233,
          0.7115174537815381
        ],
        [
          0.0,
          0.0,
          0.0,
          1.0
        ]
      ]
    },
    "Park": {
      "transformation_matrix": [
        [
          0.7962110211080224,
          -0.46084350430809506,
          0.3920092784656452,
          -0.6154031603186647
        ],
        [
          -0.5937102545811951,
          -0.47045015707741117,
          0.652828295427651,
          -0.35924480700144695
        ],
        [
          -0.11643085274639343,
          -0.752529012226688,
          -0.6481851142118842,
          0.7123832254412631
        ],
        [
          0.0,
          0.0,
          0.0,
          1.0
        ]
      ]
    },
    "Horaud": {
      "transformation_matrix": [
        [
          0.7961988680647781,
          -0.4606512128031359,
          0.3922598916985599,
          -0.6154529832095483
        ],
        [
          -0.5937556197619624,
          -0.4702925713928851,
          0.6529005753510683,
          -0.359288802219629
        ],
        [
          -0.11628252875412448,
          -0.7527452141566017,
          -0.6479606593543147,
          0.712322702978389
        ],
        [
          0.0,
          0.0,
          0.0,
          1.0
        ]
      ]
    },
    "Daniilidis": {
      "transformation_matrix": [
        [
          0.7932587077911019,
          -0.47014822767129577,
          0.3869124791618006,
          -0.5958054121302355
        ],
        [
          -0.59437099272347,
          -0.4599968202491213,
          0.659640848014747,
          -0.3531580199773692
        ],
        [
          -0.1321504654645912,
          -0.7532354010389032,
          -0.6443389520270018,
          0.7102647624583922
        ],
        [
          0.0,
          0.0,
          0.0,
          1.0
        ]
      ]
    },
    "Andreff": {
      "transformation_matrix": [
        [
          0.795781887560526,
          -0.46128954431068137,
          0.3923558891366996,
          -0.5696447096127509
        ],
        [
          -0.5943177151107661,
          -0.47050326646365137,
          0.6522370196121591,
          -0.33322983497429454
        ],
        [
          -0.11626539010438264,
          -0.7522224621457925,
          -0.6485705254690484,
          0.6992259569994297
        ],
        [
          0.0,
          0.0,
          0.0,
          1.0
        ]
      ]
    }
  }
}