{
  "camera_matrix": [
    [
      1841.8789878920202,
      0.0,
      542.2384542527251
    ],
    [
      0.0,
      1861.6561278877912,
      954.9351158560727
    ],
    [
      0.0,
      0.0,
      1.0
    ]
  ],
  "dist_coeffs": [
    [
      -0.4174232175074227,
      -1.127114788128268,
      0.0009484037122516243,
      -0.005694759055556442,
      6.645031263396411
    ]
  ]
}