{
  "camera_matrix": [
    [
      2348.5213219161483,
      0.0,
      497.83863022677207
    ],
    [
      0.0,
      2431.364306290898,
      953.364399459367
    ],
    [
      0.0,
      0.0,
      1.0
    ]
  ],
  "dist_coeffs": [
    [
      -1.5328840192700328,
      16.345769176097622,
      -0.09046633212890912,
      0.053046940602968,
      -73.19918522298727
    ]
  ]
}