{
    "camera_matrix": [
        [
            610.82035815,
            0.0,
            637.78182507
        ],
        [
            0.0,
            610.77020051,
            367.80473099
        ],
        [
            0.0,
            0.0,
            1.0
        ]
    ],
    "dist_coeffs": [
        [
            0.09583655,
            -0.07785346,
            0.00031794,
            -0.00064831,
            0.03120797
        ]
    ],
    "calibration_results": {
        "Tsai": {
            "transformation_matrix": [
                [
                    0.9396069077452212,
                    -0.04996627008994073,
                    0.3385885862972385,
                    -0.5720905769427136
                ],
                [
                    -0.30674600552230136,
                    -0.5617423244215949,
                    0.7683439653238229,
                    -0.393677070651081
                ],
                [
                    0.15180825739588633,
                    -0.8258019937047396,
                    -0.5431439221603254,
                    0.6519602170123162
                ],
                [
                    0.0,
                    0.0,
                    0.0,
                    1.0
                ]
            ]
        },
        "Park": {
            "transformation_matrix": [
                [
                    0.9428764691781628,
                    0.018015552571739313,
                    0.3326550822333185,
                    -0.5621161371970389
                ],
                [
                    -0.24862057227193124,
                    -0.6265961107707055,
                    0.7386238047952451,
                    -0.39105196846750945
                ],
                [
                    0.2217470967415337,
                    -0.7791359020302957,
                    -0.5863236915340706,
                    0.6615587555632414
                ],
                [
                    0.0,
                    0.0,
                    0.0,
                    1.0
                ]
            ]
        },
        "Horaud": {
            "transformation_matrix": [
                [
                    0.9424584199051597,
                    0.025677941989517825,
                    0.3333358217249574,
                    -0.5611277945991386
                ],
                [
                    -0.24275528927621282,
                    -0.6329880643351347,
                    0.7351163036810442,
                    -0.3906053897901331
                ],
                [
                    0.229873870368713,
                    -0.7737355838427247,
                    -0.5903314746964333,
                    0.6624988101329214
                ],
                [
                    0.0,
                    0.0,
                    0.0,
                    1.0
                ]
            ]
        },
        "Daniilidis": {
            "transformation_matrix": [
                [
                    0.9423955692858953,
                    -0.042077021108569757,
                    0.33184351023478265,
                    -0.5426920201126669
                ],
                [
                    -0.2878458454136275,
                    -0.6073733564196719,
                    0.7404339100754475,
                    -0.3832563423499044
                ],
                [
                    0.17039765335364032,
                    -0.7933014119526894,
                    -0.584497655705685,
                    0.6445907886185537
                ],
                [
                    0.0,
                    0.0,
                    0.0,
                    1.0
                ]
            ]
        },
        "Andreff": {
            "transformation_matrix": [
                [
                    0.9323486597641166,
                    -0.0370968859505026,
                    0.35965232890783666,
                    -0.41600226434261806
                ],
                [
                    -0.3115261384457758,
                    -0.5873057420204537,
                    0.7470096588765551,
                    -0.15315809725025503
                ],
                [
                    0.18351414577933364,
                    -0.8085145554920944,
                    -0.5591303710730636,
                    0.4999393482940649
                ],
                [
                    0.0,
                    0.0,
                    0.0,
                    1.0
                ]
            ]
        }
    }
}