{
  "camera_matrix": [
    [
      610.5961520662408,
      0.0,
      639.8919938587554
    ],
    [
      0.0,
      617.4130735412369,
      358.3889735843055
    ],
    [
      0.0,
      0.0,
      1.0
    ]
  ],
  "dist_coeffs": [
    [
      0.09357466817916218,
      -0.05977879397552387,
      -0.002948164807995235,
      -0.001370040321542212,
      0.022155605121034323
    ]
  ],
  "calibration_results": {
    "Tsai": {
      "transformation_matrix": [
        [
          0.8014248428947386,
          -0.39214727871601834,
          0.4515957628086926,
          0.16503347355592424
        ],
        [
          -0.5954599182099046,
          -0.593952337128719,
          0.5409695989838857,
          -0.857956903943232
        ],
        [
          0.05608660264802309,
          -0.7024536518624941,
          -0.7095161449808234,
          0.539932153460297
        ],
        [
          0.0,
          0.0,
          0.0,
          1.0
        ]
      ]
    },
    "Park": {
      "transformation_matrix": [
        [
          0.8083995003742175,
          -0.3981904207683473,
          0.4335142865039641,
          0.16841651683430287
        ],
        [
          -0.5873323811150242,
          -0.5945985725943004,
          0.5490839749642836,
          -0.8628187757440997
        ],
        [
          0.039126996926310276,
          -0.6984961891643691,
          -0.7145433169755229,
          0.5387540252049821
        ],
        [
          0.0,
          0.0,
          0.0,
          1.0
        ]
      ]
    },
    "Horaud": {
      "transformation_matrix": [
        [
          0.8085225851160021,
          -0.398233863932536,
          0.4332447564307033,
          0.1684657991661207
        ],
        [
          -0.5871819195539049,
          -0.5945548241355874,
          0.5492922304621556,
          -0.8629013802560166
        ],
        [
          0.03884099260225732,
          -0.6985086618750412,
          -0.71454672805857,
          0.5387236268939039
        ],
        [
          0.0,
          0.0,
          0.0,
          1.0
        ]
      ]
    },
    "Daniilidis": {
      "transformation_matrix": [
        [
          0.8012464163502766,
          -0.3943228971388533,
          0.4500151476093448,
          0.16408644784525464
        ],
        [
          -0.5959594501094326,
          -0.592899784293432,
          0.5415737988585341,
          -0.8562301668777039
        ],
        [
          0.05325893456596584,
          -0.7021248454347861,
          -0.7100592843643938,
          0.5513874002238746
        ],
        [
          0.0,
          0.0,
          0.0,
          1.0
        ]
      ]
    },
    "Andreff": {
      "transformation_matrix": [
        [
          0.8085416221483129,
          -0.39788764475513605,
          0.4335272395190244,
          0.17006096117369157
        ],
        [
          -0.5871345297398745,
          -0.5945326357954457,
          0.5493668983122816,
          -0.8579794656737021
        ],
        [
          0.03915979112446098,
          -0.6987248150204274,
          -0.7143179569587749,
          0.5377471562239375
        ],
        [
          0.0,
          0.0,
          0.0,
          1.0
        ]
      ]
    }
  }
}