{
  "camera_matrix": [
    [
      597.0931213809636,
      0.0,
      629.0553781432253
    ],
    [
      0.0,
      603.9320508566476,
      376.22371608449333
    ],
    [
      0.0,
      0.0,
      1.0
    ]
  ],
  "dist_coeffs": [
    [
      0.054649658452242296,
      -0.015341375083820663,
      0.00041705847151425845,
      -0.009251224818936619,
      -0.03611387180546126
    ]
  ],
  "calibration_results": {
    "Tsai": {
      "transformation_matrix": [
        [
          0.7123994586075642,
          -0.6981150699729557,
          0.07157066754127989,
          0.2720327591880211
        ],
        [
          -0.6870727153354874,
          -0.714604456033846,
          -0.13142128921179821,
          -0.5273849016547316
        ],
        [
          0.1428919004603461,
          0.04445020239803257,
          -0.9887396443400074,
          0.7017471668065327
        ],
        [
          0.0,
          0.0,
          0.0,
          1.0
        ]
      ]
    },
    "Park": {
      "transformation_matrix": [
        [
          0.6901654304621259,
          -0.7192451702011451,
          0.07973746758804454,
          0.26429902536654454
        ],
        [
          -0.7092565516533719,
          -0.6941860418201841,
          -0.12272279038057152,
          -0.5266985764712113
        ],
        [
          0.14362041126454317,
          0.02814470615145115,
          -0.9892325575838335,
          0.7022009018265756
        ],
        [
          0.0,
          0.0,
          0.0,
          1.0
        ]
      ]
    },
    "Horaud": {
      "transformation_matrix": [
        [
          0.6902086957203063,
          -0.7192149303489758,
          0.07963567237859662,
          0.2643418773929166
        ],
        [
          -0.7092196777761101,
          -0.6942122916792483,
          -0.12278738834504024,
          -0.5266942283393973
        ],
        [
          0.1435945855776742,
          0.028269737256700768,
          -0.989232741546807,
          0.7022049746650281
        ],
        [
          0.0,
          0.0,
          0.0,
          1.0
        ]
      ]
    },
    "Daniilidis": {
      "transformation_matrix": [
        [
          0.7061200614909684,
          -0.702761608349007,
          0.08672128107164884,
          0.27047293299640324
        ],
        [
          -0.6926089968392869,
          -0.7109517468830079,
          -0.12182114390070894,
          -0.5355943773162687
        ],
        [
          0.14726586928839905,
          0.025956414134416204,
          -0.9887563038019106,
          0.700580157843269
        ],
        [
          0.0,
          0.0,
          0.0,
          1.0
        ]
      ]
    },
    "Andreff": {
      "transformation_matrix": [
        [
          0.6899481143907855,
          -0.7193263395913083,
          0.0808777881668939,
          0.26181495754771317
        ],
        [
          -0.7092743918627447,
          -0.6941294629204562,
          -0.12293952071442663,
          -0.49816137715053865
        ],
        [
          0.14457329108909886,
          0.027457346483748257,
          -0.9891130661495366,
          0.6552087473621744
        ],
        [
          0.0,
          0.0,
          0.0,
          1.0
        ]
      ]
    }
  }
}