{
  "camera_matrix": [
    [
      630.1357909363004,
      0.0,
      666.3526494757834
    ],
    [
      0.0,
      626.2669044246154,
      373.1988134236311
    ],
    [
      0.0,
      0.0,
      1.0
    ]
  ],
  "dist_coeffs": [
    [
      0.09660047365751687,
      0.1099784890012063,
      0.002079431988101435,
      0.013347120281615277,
      -0.15795201072574477
    ]
  ],
  "calibration_results": {
    "Tsai": {
      "transformation_matrix": [
        [
          0.7764385466262373,
          -0.4647978102221035,
          0.4255657163419936,
          -0.06244427193538937
        ],
        [
          -0.6299549384999016,
          -0.553885875525505,
          0.5443961906120671,
          -0.8854681777070422
        ],
        [
          -0.01731931790001981,
          -0.6907774116935805,
          -0.7228600201431781,
          0.8708264225394929
        ],
        [
          0.0,
          0.0,
          0.0,
          1.0
        ]
      ]
    },
    "Park": {
      "transformation_matrix": [
        [
          0.7757650190844896,
          -0.45301359161290994,
          0.43928045822549233,
          -0.06455716919797938
        ],
        [
          -0.6310064907686974,
          -0.5617763194144894,
          0.535012313459104,
          -0.8850327064765066
        ],
        [
          0.0044095093354036274,
          -0.6922326579691788,
          -0.7216609338659925,
          0.8753047918349908
        ],
        [
          0.0,
          0.0,
          0.0,
          1.0
        ]
      ]
    },
    "Horaud": {
      "transformation_matrix": [
        [
          0.7755409864078234,
          -0.45316121366286366,
          0.439523711343519,
          -0.06463075988559142
        ],
        [
          -0.631281023179325,
          -0.5616758083415179,
          0.534793937977581,
          -0.8850736853686878
        ],
        [
          0.0045219658606719115,
          -0.6922175963925683,
          -0.7216746850688697,
          0.8753483366312255
        ],
        [
          0.0,
          0.0,
          0.0,
          1.0
        ]
      ]
    },
    "Daniilidis": {
      "transformation_matrix": [
        [
          0.7778991832380583,
          -0.462283818251393,
          0.4256366197832076,
          -0.04520735828175465
        ],
        [
          -0.6282577826373598,
          -0.5583067641073314,
          0.5418355061340927,
          -0.8797047206224178
        ],
        [
          -0.012845982763099228,
          -0.6889029166253495,
          -0.7247397823991287,
          0.8585741807574433
        ],
        [
          0.0,
          0.0,
          0.0,
          1.0
        ]
      ]
    },
    "Andreff": {
      "transformation_matrix": [
        [
          0.7766359120825961,
          -0.4521010440518294,
          0.43868132628467293,
          -0.04424636061168288
        ],
        [
          -0.6299342844327256,
          -0.5622369980289335,
          0.5357913356369649,
          -0.8085928813409307
        ],
        [
          0.004411049746249868,
          -0.6924552000055014,
          -0.7214473914468587,
          0.8290320222897447
        ],
        [
          0.0,
          0.0,
          0.0,
          1.0
        ]
      ]
    }
  }
}