{
  "camera_matrix": [
    [
      649.8773067053239,
      0.0,
      648.5664041183254
    ],
    [
      0.0,
      658.5681844305274,
      415.04599799756716
    ],
    [
      0.0,
      0.0,
      1.0
    ]
  ],
  "dist_coeffs": [
    [
      0.09689133013145772,
      -0.04890365024005714,
      0.020404086822958124,
      -0.007527192331697076,
      0.013732878381934596
    ]
  ],
  "calibration_results": {
    "Tsai": {
      "transformation_matrix": [
        [
          0.7406770044029121,
          -0.6711418404018791,
          0.03108384163367134,
          0.2850757702400616
        ],
        [
          -0.6617175256980711,
          -0.7367222313012363,
          -0.13917711769738023,
          -0.5328989907189572
        ],
        [
          0.11630774407902131,
          0.0825165678425034,
          -0.98977953338041,
          0.736029158475055
        ],
        [
          0.0,
          0.0,
          0.0,
          1.0
        ]
      ]
    },
    "Park": {
      "transformation_matrix": [
        [
          0.7270218364613106,
          -0.685414305129062,
          0.04057683616140245,
          0.2789254224917417
        ],
        [
          -0.6765817108561003,
          -0.7252122798333167,
          -0.12768844001708213,
          -0.5339341195188705
        ],
        [
          0.11694630324835584,
          0.06537873892488974,
          -0.9909839467181778,
          0.7317081550779526
        ],
        [
          0.0,
          0.0,
          0.0,
          1.0
        ]
      ]
    },
    "Horaud": {
      "transformation_matrix": [
        [
          0.7266333302282786,
          -0.6858390572338002,
          0.040358282594941154,
          0.27882155371733164
        ],
        [
          -0.6769925102207994,
          -0.7247880332051526,
          -0.12791969366577363,
          -0.5339263169932629
        ],
        [
          0.11698352237089596,
          0.06562845796799267,
          -0.9909630472416411,
          0.731721558471978
        ],
        [
          0.0,
          0.0,
          0.0,
          1.0
        ]
      ]
    },
    "Daniilidis": {
      "transformation_matrix": [
        [
          0.7407844483082403,
          -0.6707799822840992,
          0.03595297639416992,
          0.2893219562119408
        ],
        [
          -0.6626617662103857,
          -0.7384934499358068,
          -0.1245263345836624,
          -0.5413206322947013
        ],
        [
          0.11008081007872403,
          0.06842250922652475,
          -0.9915647106888981,
          0.7244356553547573
        ],
        [
          0.0,
          0.0,
          0.0,
          1.0
        ]
      ]
    },
    "Andreff": {
      "transformation_matrix": [
        [
          0.7231222575046524,
          -0.6894533710984536,
          0.04181207699162348,
          0.27086502982229654
        ],
        [
          -0.6804052455026344,
          -0.7214396407196553,
          -0.12873828758684913,
          -0.48428240122556954
        ],
        [
          0.11892393616877467,
          0.06464436463662479,
          -0.9907967518754048,
          0.6603332703373653
        ],
        [
          0.0,
          0.0,
          0.0,
          1.0
        ]
      ]
    }
  }
}