{
  "camera_matrix": [
    [
      624.8504238317045,
      0.0,
      657.0969388474656
    ],
    [
      0.0,
      627.2424412728651,
      346.1339921256911
    ],
    [
      0.0,
      0.0,
      1.0
    ]
  ],
  "dist_coeffs": [
    [
      0.11260504240251698,
      -0.08257968584475,
      -0.0119643266172084,
      0.01252766296455802,
      0.10776506914739405
    ]
  ],
  "calibration_results": {
    "Tsai": {
      "transformation_matrix": [
        [
          0.74856491089376,
          -0.4384935956634163,
          0.4973670080944105,
          0.03091581187864053
        ],
        [
          -0.6612004316638235,
          -0.5498105152428727,
          0.5104139364240952,
          -0.8112401933820944
        ],
        [
          0.04964436872587405,
          -0.7109372432856047,
          -0.7015010140857063,
          0.5443619276895324
        ],
        [
          0.0,
          0.0,
          0.0,
          1.0
        ]
      ]
    },
    "Park": {
      "transformation_matrix": [
        [
          0.7496590001192888,
          -0.4412095830907325,
          0.49330060544160137,
          0.032073948395346843
        ],
        [
          -0.6602485349180469,
          -0.5499793570492919,
          0.5114631745866163,
          -0.8121310478350985
        ],
        [
          0.04564269578717561,
          -0.7091239740754431,
          -0.7036049557192814,
          0.5449732892878062
        ],
        [
          0.0,
          0.0,
          0.0,
          1.0
        ]
      ]
    },
    "Horaud": {
      "transformation_matrix": [
        [
          0.7496959968921,
          -0.4411515647268523,
          0.4932962691760501,
          0.032080026911145657
        ],
        [
          -0.6602068329175143,
          -0.549971102748775,
          0.5115258780455985,
          -0.8121399313295348
        ],
        [
          0.04563825164251631,
          -0.7091664706402474,
          -0.7035624115220114,
          0.544968364471063
        ],
        [
          0.0,
          0.0,
          0.0,
          1.0
        ]
      ]
    },
    "Daniilidis": {
      "transformation_matrix": [
        [
          0.7498357003454146,
          -0.4376099542355638,
          0.4962297355474068,
          0.03064467185863254
        ],
        [
          -0.6597701804293898,
          -0.5506723125303168,
          0.5113348347498763,
          -0.8121607810851955
        ],
        [
          0.04949476238625519,
          -0.7108146960822213,
          -0.7016357575906942,
          0.5523394271334656
        ],
        [
          0.0,
          0.0,
          0.0,
          1.0
        ]
      ]
    },
    "Andreff": {
      "transformation_matrix": [
        [
          0.7490344815879475,
          -0.4416195426381729,
          0.49388209620548573,
          0.034758481618139075
        ],
        [
          -0.6610233571981864,
          -0.5484047334486737,
          0.5121526818923517,
          -0.806820292013811
        ],
        [
          0.044670646186426785,
          -0.7100876198689429,
          -0.7026948878981168,
          0.5451610116062157
        ],
        [
          0.0,
          0.0,
          0.0,
          1.0
        ]
      ]
    }
  }
}