{
  "camera_matrix": [
    [
      597.0347563872851,
      0.0,
      629.1045302107273
    ],
    [
      0.0,
      603.8974261002766,
      376.2252835266987
    ],
    [
      0.0,
      0.0,
      1.0
    ]
  ],
  "dist_coeffs": [
    [
      0.05437152617749532,
      -0.015046631259669579,
      0.0003967519492700665,
      -0.009247228646346601,
      -0.036129267662974356
    ]
  ],
  "calibration_results": {
    "Tsai": {
      "transformation_matrix": [
        [
          0.7124168705235698,
          -0.6981085195608915,
          0.07146116084911684,
          0.2720813158515591
        ],
        [
          -0.6870462960112728,
          -0.7145982841885885,
          -0.13159285456253197,
          -0.5273192174106061
        ],
        [
          0.14293211581234455,
          0.04465184376065081,
          -0.9887247458813706,
          0.7017410200227522
        ],
        [
          0.0,
          0.0,
          0.0,
          1.0
        ]
      ]
    },
    "Park": {
      "transformation_matrix": [
        [
          0.6901019488743897,
          -0.7193013968248884,
          0.07977970096166664,
          0.26428103972769756
        ],
        [
          -0.7092942439661322,
          -0.6941260310447214,
          -0.12284432629395281,
          -0.526630318627932
        ],
        [
          0.1437392626817089,
          0.028187826306168895,
          -0.9892140672330998,
          0.7021937806608405
        ],
        [
          0.0,
          0.0,
          0.0,
          1.0
        ]
      ]
    },
    "Horaud": {
      "transformation_matrix": [
        [
          0.690146076168111,
          -0.7192703238776822,
          0.07967806937077586,
          0.264324061493869
        ],
        [
          -0.7092563757651914,
          -0.6941531093113888,
          -0.12290994373832301,
          -0.5266258555203838
        ],
        [
          0.14371425463810383,
          0.028313636683162953,
          -0.9892141077600892,
          0.7021978804783074
        ],
        [
          0.0,
          0.0,
          0.0,
          1.0
        ]
      ]
    },
    "Daniilidis": {
      "transformation_matrix": [
        [
          0.7061176857921658,
          -0.702767084718636,
          0.08669624240753168,
          0.27052605974595023
        ],
        [
          -0.6925968555549593,
          -0.7109424948431212,
          -0.1219441048252067,
          -0.5355500182382581
        ],
        [
          0.14733434591736888,
          0.02606134421528527,
          -0.9887433422535866,
          0.7005813733718608
        ],
        [
          0.0,
          0.0,
          0.0,
          1.0
        ]
      ]
    },
    "Andreff": {
      "transformation_matrix": [
        [
          0.6898848851389855,
          -0.7193812391760241,
          0.08092884515632348,
          0.26179072105672735
        ],
        [
          -0.7093105265274514,
          -0.6940711227618782,
          -0.12306036529043307,
          -0.4980175707797729
        ],
        [
          0.14469769249755784,
          0.02749380420446146,
          -0.9890938623387817,
          0.6550630610885325
        ],
        [
          0.0,
          0.0,
          0.0,
          1.0
        ]
      ]
    }
  }
}