{
  "camera_matrix": [
    [
      620.5051559877531,
      0.0,
      638.9792480187867
    ],
    [
      0.0,
      619.8072921976488,
      368.95539729380135
    ],
    [
      0.0,
      0.0,
      1.0
    ]
  ],
  "dist_coeffs": [
    [
      0.12108634905861246,
      -0.11699161990880122,
      -0.000405098419544381,
      -0.0011137119090852408,
      0.06923572980936475
    ]
  ],
  "calibration_results": {
    "Tsai": {
      "transformation_matrix": [
        [
          0.7952309568071152,
          -0.47790748682110934,
          0.3731114570419556,
          -0.5824308807581285
        ],
        [
          -0.5898521688174743,
          -0.4674180757478015,
          0.6584791275397759,
          -0.3498412637203615
        ],
        [
          -0.14029306567668165,
          -0.743723588777816,
          -0.6536000912014048,
          0.69812425464885
        ],
        [
          0.0,
          0.0,
          0.0,
          1.0
        ]
      ]
    },
    "Park": {
      "transformation_matrix": [
        [
          0.7858826910474482,
          -0.49374272158312127,
          0.37229896695493825,
          -0.5821558676790359
        ],
        [
          -0.5982291915454879,
          -0.454618994801998,
          0.6598813559633685,
          -0.35350821867875554
        ],
        [
          -0.15655743449243767,
          -0.7413094458112035,
          -0.6526485082004192,
          0.6975605940489416
        ],
        [
          0.0,
          0.0,
          0.0,
          1.0
        ]
      ]
    },
    "Horaud": {
      "transformation_matrix": [
        [
          0.7857810162778504,
          -0.4939170774852164,
          0.37228230555025293,
          -0.5821565522924257
        ],
        [
          -0.5983583768852081,
          -0.45468650438993,
          0.6597176938183242,
          -0.3534940532397979
        ],
        [
          -0.15657409513916537,
          -0.7411518759971749,
          -0.6528234443072821,
          0.6975752935393588
        ],
        [
          0.0,
          0.0,
          0.0,
          1.0
        ]
      ]
    },
    "Daniilidis": {
      "transformation_matrix": [
        [
          0.7961961429954347,
          -0.4747719894033792,
          0.37505100980686723,
          -0.5979750645874189
        ],
        [
          -0.5901994374642474,
          -0.4730050996477117,
          0.6541641993598732,
          -0.3650754244726406
        ],
        [
          -0.1331777980598836,
          -0.7421979074244387,
          -0.6568149970263354,
          0.7149588791620912
        ],
        [
          0.0,
          0.0,
          0.0,
          1.0
        ]
      ]
    },
    "Andreff": {
      "transformation_matrix": [
        [
          0.7861397039693563,
          -0.4922778772481002,
          0.3736935340825113,
          -0.5873950871034298
        ],
        [
          -0.5986656761968817,
          -0.456288248308937,
          0.6583315597773601,
          -0.3506729215950185
        ],
        [
          -0.15357009470174443,
          -0.7412580697889679,
          -0.6534161767097837,
          0.686164856487105
        ],
        [
          0.0,
          0.0,
          0.0,
          1.0
        ]
      ]
    }
  }
}