{
    "camera_matrix": [
        [
            615.0996583454039,
            0.0,
            640.4738105112375
        ],
        [
            0.0,
            614.2596879778526,
            367.4516328395805
        ],
        [
            0.0,
            0.0,
            1.0
        ]
    ],
    "dist_coeffs": [
        [
            0.08796983937883417,
            -0.04840174572239517,
            0.00013076059270421964,
            0.0003806741206131449,
            0.009874670010827289
        ]
    ],
    "calibration_results": {
        "Tsai": {
            "transformation_matrix": [
                [
                    0.7115351479868057,
                    -0.5751836951190387,
                    0.40358574064082564,
                    -0.5944560437610572
                ],
                [
                    -0.6738646022470914,
                    -0.39587602320612514,
                    0.6238498794492733,
                    -0.34887124330630925
                ],
                [
                    -0.1990583608336111,
                    -0.7158532608850172,
                    -0.6692756366868016,
                    0.7019397694859445
                ],
                [
                    0.0,
                    0.0,
                    0.0,
                    1.0
                ]
            ]
        },
        "Park": {
            "transformation_matrix": [
                [
                    0.7158944645270484,
                    -0.5701245268767163,
                    0.40305475994352413,
                    -0.5941702026381448
                ],
                [
                    -0.6711314740704433,
                    -0.40269364074233915,
                    0.6224310212527286,
                    -0.3486481775199621
                ],
                [
                    -0.19255560280491635,
                    -0.7160976578367548,
                    -0.6709146624341682,
                    0.7026572924740871
                ],
                [
                    0.0,
                    0.0,
                    0.0,
                    1.0
                ]
            ]
        },
        "Horaud": {
            "transformation_matrix": [
                [
                    0.7160367436531937,
                    -0.5701614911181323,
                    0.4027496192232569,
                    -0.594139931934154
                ],
                [
                    -0.6709524695632973,
                    -0.4029024579145301,
                    0.6224888697746673,
                    -0.34864886939607576
                ],
                [
                    -0.19265037068597388,
                    -0.7159507549073316,
                    -0.671044224490591,
                    0.7026699424797032
                ],
                [
                    0.0,
                    0.0,
                    0.0,
                    1.0
                ]
            ]
        },
        "Daniilidis": {
            "transformation_matrix": [
                [
                    0.7137657232978516,
                    -0.5725380746357615,
                    0.4034087819290377,
                    -0.5965953151382846
                ],
                [
                    -0.6726755184928849,
                    -0.39998429372114574,
                    0.6225112140329081,
                    -0.3502479547581028
                ],
                [
                    -0.19505419520077788,
                    -0.715690378493921,
                    -0.670627424928183,
                    0.7047747841582336
                ],
                [
                    0.0,
                    0.0,
                    0.0,
                    1.0
                ]
            ]
        },
        "Andreff": {
            "transformation_matrix": [
                [
                    0.7170894506973114,
                    -0.5689809311463967,
                    0.40254617088031963,
                    -0.5788082915410278
                ],
                [
                    -0.6703526514775162,
                    -0.4049119472681778,
                    0.6218308754127251,
                    -0.330705023902939
                ],
                [
                    -0.1908141565914125,
                    -0.7157562538680828,
                    -0.6717759616814494,
                    0.6859361018427719
                ],
                [
                    0.0,
                    0.0,
                    0.0,
                    1.0
                ]
            ]
        }
    }
}