{
    "camera_matrix": [
        [
            610.2316495245118,
            0.0,
            634.9815920541779
        ],
        [
            0.0,
            608.0729784601109,
            377.82720794123503
        ],
        [
            0.0,
            0.0,
            1.0
        ]
    ],
    "dist_coeffs": [
        [
            0.10437031408593951,
            -0.1316544827002885,
            0.005398234705561888,
            -0.0030012383935015025,
            0.07792933205983094
        ]
    ],
    "calibration_results": {
        "Tsai": {
            "transformation_matrix": [
                [
                    0.6509510550776008,
                    -0.685416159262478,
                    0.32629344540648003,
                    0.5569955060041322
                ],
                [
                    -0.07389894964125931,
                    0.3705734291275269,
                    0.9258586711083849,
                    -0.004351796159058323
                ],
                [
                    -0.7555141753370858,
                    -0.6268014217011151,
                    0.19057363043764486,
                    -0.2366359921049766
                ],
                [
                    0.0,
                    0.0,
                    0.0,
                    1.0
                ]
            ],
            "calibrated_camera_pose": [
                -0.5416802519023438,
                0.23506260420028585,
                -0.13261825441359443,
                1.367797044177729,
                -0.3323797419927603,
                -0.8111825926971057
            ]
        },
        "Park": {
            "transformation_matrix": [
                [
                    0.42794678179239565,
                    -0.12412352916949732,
                    0.8952401361981263,
                    0.4674166472686282
                ],
                [
                    0.38473538420193615,
                    -0.8712794205652706,
                    -0.30471438338620516,
                    0.0398320641412688
                ],
                [
                    -0.8178265317880814,
                    -0.4748320974891602,
                    0.3251065103893238,
                    0.35186789534425267
                ],
                [
                    0.0,
                    0.0,
                    0.0,
                    1.0
                ]
            ],
            "calibrated_camera_pose": [
                0.07241264604121374,
                0.2598004324018874,
                -0.5207072836716375,
                2.9623684260662193,
                -0.0542711513268761,
                0.26738805792554055
            ]
        },
        "Horaud": {
            "transformation_matrix": [
                [
                    0.5014452631923083,
                    -0.8389332600496267,
                    -0.21152690893714343,
                    0.4957978056632732
                ],
                [
                    0.2989721328579318,
                    -0.06140601410598251,
                    0.9522840779966848,
                    0.05638456284911865
                ],
                [
                    -0.8118918104011004,
                    -0.5407589912466757,
                    0.2200259111775294,
                    -0.21386012478851496
                ],
                [
                    0.0,
                    0.0,
                    0.0,
                    1.0
                ]
            ],
            "calibrated_camera_pose": [
                -0.4391041580534047,
                0.3037568353436882,
                0.0982352246648848,
                1.3437302492549748,
                0.21313695584652304,
                -1.032056674159278
            ]
        },
        "Daniilidis": {
            "transformation_matrix": [
                [
                    0.5971381332788555,
                    -0.8021364673439342,
                    0.0017713105987715028,
                    -0.009883402450151402
                ],
                [
                    0.03954836751451779,
                    0.031646579236650874,
                    0.9987163864929598,
                    -0.5267058153058782
                ],
                [
                    -0.8011628900611787,
                    -0.5963015862628673,
                    0.05062056705734996,
                    -1.690705520679798
                ],
                [
                    0.0,
                    0.0,
                    0.0,
                    1.0
                ]
            ],
            "calibrated_camera_pose": [
                -1.3277984095449393,
                -0.9994297840929712,
                0.6116317073664304,
                1.520154036547191,
                -0.0017713115250328482,
                -0.9308666049796204
            ]
        },
        "Andreff": {
            "transformation_matrix": [
                [
                    -0.7635327666268205,
                    -0.2599655978323307,
                    -0.5911307826791564,
                    0.4568231342397206
                ],
                [
                    0.49659935681563533,
                    -0.8215287133170968,
                    -0.2801421996162886,
                    0.004986430237050581
                ],
                [
                    -0.4128035768952231,
                    -0.5074529151943401,
                    0.7563628400201023,
                    0.0553433335482575
                ],
                [
                    0.0,
                    0.0,
                    0.0,
                    1.0
                ]
            ],
            "calibrated_camera_pose": [
                0.36916909954269,
                0.15093893075859366,
                0.22957948548517204,
                -0.3547147372907071,
                0.6324600765019168,
                -2.813426340560679
            ]
        }
    }
}