{
    "camera_matrix": [
        [
            571.0154732872637,
            0.0,
            623.3663332488943
        ],
        [
            0.0,
            570.662070065627,
            358.07497311195976
        ],
        [
            0.0,
            0.0,
            1.0
        ]
    ],
    "dist_coeffs": [
        [
            0.09498133834359468,
            -0.1650309462929688,
            -0.0024222212783749776,
            -0.00655448296762798,
            0.10439955726930125
        ]
    ],
    "transformation_matrices": {
        "Park": [
            [
                0.2670885031695853,
                -0.3477454640952051,
                0.8987418003385856,
                0.2312438407573581
            ],
            [
                -0.9496510117079819,
                0.06353338524224217,
                0.30680036656054765,
                0.025221273301589492
            ],
            [
                0.1637885448883858,
                0.9354339106323213,
                0.31326779502922375,
                0.2278559605944901
            ],
            [
                0.0,
                0.0,
                0.0,
                1.0
            ]
        ],
        "Tsai": [
            [
                0.9895649593079721,
                -0.082904193195243,
                0.11784772403596755,
                0.13854613638797275
            ],
            [
                0.1440415173221384,
                0.5898372799598097,
                -0.7945715980685121,
                0.2073559039072359
            ],
            [
                -0.0036376637211045088,
                0.8032551760930388,
                0.5956239497219646,
                0.28893306996142887
            ],
            [
                0.0,
                0.0,
                0.0,
                1.0
            ]
        ],
        "Horaud": [
            [
                -0.3230725069567666,
                -0.0014015357140533258,
                0.9463731774233216,
                -0.27620440001574087
            ],
            [
                0.5669041343992002,
                -0.8010142181721099,
                0.1923432470538514,
                -0.03469013702103914
            ],
            [
                0.7577887948826937,
                0.5986436819876808,
                0.25958020796368164,
                -0.0506747909908265
            ],
            [
                0.0,
                0.0,
                0.0,
                1.0
            ]
        ],
        "Daniilidis": [
            [
                -0.46553546974555293,
                -0.017396395704937756,
                0.8848582326142788,
                -0.48353602573523086
            ],
            [
                0.4392669254359379,
                -0.872507742011924,
                0.21395048106352205,
                0.007610130260258252
            ],
            [
                0.768323691309103,
                0.4882904929913458,
                0.4138249627891273,
                -0.4279283819001267
            ],
            [
                0.0,
                0.0,
                0.0,
                1.0
            ]
        ]
    }
}